<?xml version="1.0" encoding="UTF-8"?>
<PeakList modified="2025-08-05T16:51:44">
  <PeakList1D>
    <PeakList1DHeader creator="pawel" date="2025-08-05T16:51:31" expNo="1530" name="4-nitroindole10" owner="" procNo="1" source="/media/DATA/Blue/sci/NMR/STRONA">
      <PeakPickDetails>F1=9.156969ppm, F2=6.810072ppm, MI=1.22cm, MAXI=4.13cm, PC=1.000
      </PeakPickDetails>
    </PeakList1DHeader>
    <Peak1D F1="8.078283" intensity="1.484022" type="0"/>
    <Peak1D F1="8.076985" intensity="1.571706" type="0"/>
    <Peak1D F1="8.065004" intensity="1.563382" type="0"/>
    <Peak1D F1="8.063698" intensity="1.589725" type="0"/>
    <Peak1D F1="7.917575" intensity="1.464604" type="0"/>
    <Peak1D F1="7.904305" intensity="1.538412" type="0"/>
    <Peak1D F1="7.780137" intensity="2.3893" type="0"/>
    <Peak1D F1="7.775117" intensity="2.401841" type="0"/>
    <Peak1D F1="7.328659" intensity="1.335915" type="0"/>
    <Peak1D F1="7.315385" intensity="2.546923" type="0"/>
    <Peak1D F1="7.302112" intensity="1.232892" type="0"/>
    <Peak1D F1="7.055361" intensity="1.632173" type="0"/>
    <Peak1D F1="7.053925" intensity="1.664118" type="0"/>
    <Peak1D F1="7.050355" intensity="1.585951" type="0"/>
    <Peak1D F1="7.048931" intensity="1.585647" type="0"/>
  </PeakList1D>
</PeakList>
